{"blog_sidebar":{"search-2":{"title":""},"vlthemespopularposts-3":{"title":"Popular posts","number":2},"recent-comments-4":[],"mc4wp_form_widget-2":{"title":"Newsletter"}},"footer_sidebar":{"vlthemesaboutwidget-3":{"title":"Vinero","main_image":"","main_content":"We are a creative digital agency, we love good things and great design.","signature_image":"http:\/\/vlthemes.com\/vinero.woo\/wp-content\/uploads\/2017\/01\/sign.png"},"null-instagram-feed-3":{"title":"Instafeed","username":"logomk","number":"8","size":"thumbnail","target":"_blank","link":""},"rotatingtweets_widget-2":{"title":"Tweets","tw_screen_name":"envato","tw_list_tag":"","tw_search":"","tw_rotation_type":"scrollUp","tw_include_rts":0,"tw_links_in_new_window":0,"tw_exclude_replies":0,"tw_shorten_links":0,"tw_tweet_count":1,"tw_show_follow":0,"tw_show_type":0,"tw_hide_meta_timestamp":false,"tw_hide_meta_screen_name":true,"tw_hide_meta_via":true,"tw_official_format":0,"tw_show_meta_reply_retweet_favorite":0,"tw_timeout":4000}},"contact_sidebar":{"vlthemesaboutwidget-5":{"title":"Contact Info","main_image":"","main_content":"Vinero is located in Canada (USA) with support offices throughout the world.","signature_image":""},"vlthemessocialwidget-3":{"title":"Subscribe & Follow","twitter":"","facebook":"#","google_plus":"#","linkedin":"#","pinterest":"#","instagram":"#","youtube":"","flickr":"","tumblr":"","deviantart":"","vine":"","skype":"","vimeo":"","digg":"","github":"","soundcloud":"","vk":""},"null-instagram-feed-5":{"title":"Instafeed","username":"logomk","number":"8","size":"thumbnail","target":"_self","link":""}},"shop_sidebar":{"woocommerce_product_search-3":[],"woocommerce_top_rated_products-8":{"title":"Top Rated Products","number":3},"woocommerce_recent_reviews-3":{"title":"Recent Reviews","number":3},"woocommerce_product_categories-4":{"title":"Product Categories","orderby":"name","dropdown":0,"count":0,"hierarchical":1,"show_children_only":0,"hide_empty":0}}}